,Year,Rank,Country,Amount Earned,Number of Player
0,2019,1,United States,6180331.22,2047
1,2019,2,"Korea, Republic of",4411988.66,657
2,2019,3,China,3351494.08,394
3,2019,4,Denmark,1832823.97,267
4,2019,5,Russian Federation,1702023.0,327
5,2019,6,Sweden,1453815.73,261
6,2019,7,Finland,1380902.19,137
7,2019,8,Germany,1356387.04,408
8,2019,9,Canada,1268590.22,302
9,2019,10,France,1143605.31,540
10,2019,11,Brazil,937499.8,348
11,2019,12,Poland,936204.5,220
12,2019,13,Philippines,914192.23,59
13,2019,14,Australia,910055.93,360
14,2019,15,United Kingdom,848630.3,353
15,2019,16,Bulgaria,676095.82,50
16,2019,17,Norway,587765.67,82
17,2019,18,Ukraine,505101.0,108
18,2019,19,Spain,492951.0,160
19,2019,20,Japan,491620.41,167
20,2019,21,Italy,425390.48,63
21,2019,22,Netherlands,364429.62,160
22,2019,23,"Taiwan, Republic of China",351874.44,92
23,2019,24,Malaysia,343815.64,68
24,2019,25,Estonia,282948.88,32
25,2019,26,Jordan,252300.0,6
26,2019,27,Thailand,245278.61,111
27,2019,28,Argentina,181691.13,79
28,2019,29,Kazakhstan,180883.37,25
29,2019,30,Viet Nam,171943.71,96
30,2019,31,Mexico,156804.03,44
31,2019,32,Belarus,147589.02,63
32,2019,33,Belgium,144317.25,58
33,2019,34,Israel,143323.98,24
34,2019,35,Portugal,142049.85,94
35,2019,36,Czech Republic,137788.12,55
36,2019,37,Turkey,135940.96,70
37,2019,38,Slovenia,128241.19,14
38,2019,39,Croatia,121708.0,20
39,2019,40,Austria,117609.32,53
40,2019,41,Indonesia,116530.38,63
41,2019,42,Pakistan,112406.13,36
42,2019,43,Peru,99637.32,52
43,2019,44,Switzerland,93733.07,34
44,2019,45,Slovakia,93540.88,16
45,2019,46,Singapore,91536.14,51
46,2019,47,Hong Kong,79815.47,32
47,2019,48,Bosnia and Herzegovina,74918.81,5
48,2019,49,Lebanon,74107.42,12
49,2019,50,New Zealand,69907.22,34
50,2019,51,Ireland,69597.77,15
51,2019,52,Lithuania,66714.18,34
52,2019,53,Serbia,65655.15,29
53,2019,54,"Macedonia, The Former Yugoslav Republic of",61961.7,9
54,2019,55,Hungary,51871.9,59
55,2019,56,Greece,43241.92,25
56,2019,57,Latvia,35639.03,41
57,2019,58,India,32693.82,28
58,2019,59,Chile,30467.3,41
59,2019,60,Kyrgyzstan,29180.0,6
60,2019,61,Saudi Arabia,28278.82,15
61,2019,62,Uzbekistan,27390.0,2
62,2019,63,Macao,24821.6,10
63,2019,64,Romania,23912.4,22
64,2019,65,Puerto Rico,18305.86,6
65,2019,66,Mongolia,16849.4,9
66,2019,67,United Arab Emirates,14062.42,9
67,2019,68,Iceland,13073.0,12
68,2019,69,Uruguay,10383.63,7
69,2019,70,"Iran, Islamic Republic of",10014.4,21
70,2019,71,Cuba,7000.0,1
71,2019,72,Dominican Republic,6381.27,6
72,2019,73,Morocco,6325.69,5
73,2019,74,Montenegro,5823.0,2
74,2019,75,Albania,5672.82,3
75,2019,76,Colombia,5512.59,23
76,2019,77,Bolivia,5501.43,4
77,2019,78,South Africa,4325.0,7
78,2019,79,"Kosovo, Republic of",3941.28,5
79,2019,80,Costa Rica,3183.92,2
80,2019,81,Algeria,3095.83,2
81,2019,82,Malta,2778.87,4
82,2019,83,Luxembourg,2428.3,10
83,2019,84,"Moldova, Republic of",2199.5,2
84,2019,85,Gibraltar,1750.0,1
85,2019,86,Georgia,1490.8,11
86,2019,87,Panama,1338.51,9
87,2019,88,Azerbaijan,1257.8,31
88,2019,89,Guatemala,1227.2,4
89,2019,90,Venezuela,1196.29,7
90,2019,91,Bahrain,1154.49,2
91,2019,92,Egypt,1108.2,10
92,2019,93,Honduras,1000.0,1
93,2019,94,Paraguay,900.0,2
94,2019,95,Tunisia,823.72,5
95,2019,96,Ethiopia,733.33,1
96,2019,97,Iraq,600.0,4
97,2019,98,Cambodia,500.0,4
98,2019,99,Myanmar,500.0,4
99,2019,100,Ecuador,250.0,1
100,2019,101,Syrian Arab Republic,240.0,1
101,2019,102,Bangladesh,200.0,1
102,2019,103,Faroe Islands,100.0,5
103,2019,104,Greenland,100.0,1
104,2019,105,Jersey,60.0,1
105,2019,106,Liechtenstein,28.0,1
106,2019,107,Nicaragua,22.28,1
107,2018,1,United States,29592929.03,3568
108,2018,2,China,16813317.22,1155
109,2018,3,"Korea, Republic of",14122891.68,1193
110,2018,4,Denmark,10538820.23,402
111,2018,5,Finland,7373971.05,320
112,2018,6,Russian Federation,6994130.04,736
113,2018,7,Sweden,6325898.81,534
114,2018,8,France,6138405.61,929
115,2018,9,Canada,4965144.41,602
116,2018,10,Germany,4277240.97,830
117,2018,11,Australia,4145605.47,738
118,2018,12,Brazil,3497416.35,660
119,2018,13,United Kingdom,2997769.44,657
120,2018,14,Poland,2960127.95,512
121,2018,15,Ukraine,2639807.34,177
122,2018,16,Japan,2414243.23,297
123,2018,17,Malaysia,2324773.31,148
124,2018,18,"Taiwan, Republic of China",1916798.43,273
125,2018,19,Netherlands,1756797.41,285
126,2018,20,Thailand,1752519.5,298
127,2018,21,Bulgaria,1330206.91,92
128,2018,22,Turkey,1237583.2,183
129,2018,23,Philippines,1145437.47,151
130,2018,24,Jordan,1141507.52,11
131,2018,25,Norway,1039269.91,202
132,2018,26,Israel,1008595.89,51
133,2018,27,Pakistan,888860.22,66
134,2018,28,Belgium,828101.16,125
135,2018,29,Viet Nam,818893.76,276
136,2018,30,Spain,776680.75,340
137,2018,31,Saudi Arabia,759305.53,33
138,2018,32,Lebanon,682405.21,24
139,2018,33,Czech Republic,667896.79,145
140,2018,34,Estonia,662512.49,47
141,2018,35,Singapore,578894.87,147
142,2018,36,Switzerland,486170.41,86
143,2018,37,Slovakia,484563.55,78
144,2018,38,Indonesia,459911.98,183
145,2018,39,Italy,387785.61,182
146,2018,40,Kazakhstan,375787.39,60
147,2018,41,Argentina,345044.27,168
148,2018,42,Hungary,340088.52,104
149,2018,43,Mexico,334817.4,121
150,2018,44,Greece,331820.35,114
151,2018,45,Hong Kong,318973.6,96
152,2018,46,Belarus,305969.48,67
153,2018,47,Austria,262388.98,176
154,2018,48,New Zealand,261392.89,71
155,2018,49,South Africa,261082.99,141
156,2018,50,Portugal,260244.4,171
157,2018,51,Lithuania,258197.21,67
158,2018,52,Croatia,253964.3,40
159,2018,53,Bosnia and Herzegovina,231908.45,12
160,2018,54,Latvia,210762.65,85
161,2018,55,Serbia,201683.96,65
162,2018,56,Romania,195003.49,103
163,2018,57,Peru,192251.47,93
164,2018,58,Ireland,175567.54,43
165,2018,59,Macao,160762.58,14
166,2018,60,Chile,153152.54,105
167,2018,61,Slovenia,152063.83,24
168,2018,62,Gibraltar,119304.51,1
169,2018,63,India,112553.43,105
170,2018,64,Dominican Republic,85858.56,12
171,2018,65,United Arab Emirates,70805.53,25
172,2018,66,Puerto Rico,58615.12,7
173,2018,67,Kyrgyzstan,54279.99,26
174,2018,68,Mongolia,47811.18,20
175,2018,69,Tunisia,47665.56,17
176,2018,70,Iceland,46397.76,15
177,2018,71,Malta,46172.35,30
178,2018,72,Colombia,39140.65,30
179,2018,73,Kuwait,34313.43,25
180,2018,74,Armenia,34112.45,6
181,2018,75,"Macedonia, The Former Yugoslav Republic of",34023.29,8
182,2018,76,Panama,26785.0,7
183,2018,77,Ethiopia,22796.63,1
184,2018,78,Uruguay,21867.81,17
185,2018,79,Morocco,20735.99,11
186,2018,80,Egypt,18460.64,15
187,2018,81,Venezuela,17251.83,13
188,2018,82,Montenegro,16542.98,3
189,2018,83,Cuba,15466.67,1
190,2018,84,"Palestinian Territory, Occupied",15139.5,3
191,2018,85,"Moldova, Republic of",10341.12,5
192,2018,86,Faroe Islands,9070.05,20
193,2018,87,Algeria,8643.51,11
194,2018,88,Luxembourg,7574.36,5
195,2018,89,Uzbekistan,7030.59,3
196,2018,90,Bolivia,6960.44,4
197,2018,91,Lao People's Democratic Republic,6516.8,29
198,2018,92,Bahrain,5867.82,3
199,2018,93,Myanmar,5525.0,28
200,2018,94,Mauritius,5000.0,1
201,2018,95,Iraq,4548.82,9
202,2018,96,Nicaragua,3802.88,1
203,2018,97,Georgia,3799.88,13
204,2018,98,Guatemala,3648.33,7
205,2018,99,Brunei Darussalam,2472.0,24
206,2018,100,Syrian Arab Republic,2310.26,5
207,2018,101,Cambodia,2250.0,26
208,2018,102,Ecuador,1593.33,2
209,2018,103,Greenland,1500.0,1
210,2018,104,Albania,1248.85,3
211,2018,105,Costa Rica,1114.56,2
212,2018,106,Azerbaijan,1104.17,2
213,2018,107,"Iran, Islamic Republic of",1000.0,22
214,2018,108,New Caledonia,1000.0,1
215,2018,109,Trinidad and Tobago,543.38,1
216,2018,110,"Kosovo, Republic of",525.0,2
217,2018,111,Bangladesh,500.0,5
218,2018,112,El Salvador,409.72,1
219,2018,113,Bermuda,200.0,1
220,2018,114,Bahamas,197.0,1
221,2018,115,Yemen,120.0,1
222,2018,116,Monaco,113.0,1
223,2018,117,Maldives,60.0,2
224,2018,118,United States Minor Outlying Islands,30.0,1
225,2018,119,Isle of Man,15.0,1
226,2017,1,China,16613120.38,1156
227,2017,2,United States,15175145.18,2972
228,2017,3,"Korea, Republic of",12151238.71,958
229,2017,4,Denmark,5019860.11,363
230,2017,5,Germany,4808676.63,729
231,2017,6,Sweden,4795999.5,623
232,2017,7,Finland,3960309.07,360
233,2017,8,France,3688162.14,735
234,2017,9,Russian Federation,3576238.51,553
235,2017,10,Brazil,3354880.2,718
236,2017,11,Canada,2834918.85,527
237,2017,12,United Kingdom,2826945.44,578
238,2017,13,Ukraine,2789030.73,156
239,2017,14,Jordan,2735011.78,20
240,2017,15,Bulgaria,2635978.63,92
241,2017,16,Australia,2552346.73,582
242,2017,17,Lebanon,2450968.76,23
243,2017,18,Poland,2378366.88,587
244,2017,19,Philippines,2136043.16,169
245,2017,20,"Taiwan, Republic of China",1557150.98,220
246,2017,21,Malaysia,1131613.21,172
247,2017,22,Netherlands,1026395.95,244
248,2017,23,Japan,876617.8,238
249,2017,24,Viet Nam,757665.86,225
250,2017,25,Norway,725710.31,144
251,2017,26,Kazakhstan,627505.53,50
252,2017,27,Spain,614587.61,294
253,2017,28,Macao,560161.66,2
254,2017,29,Mexico,544128.6,89
255,2017,30,Turkey,483537.84,144
256,2017,31,Israel,472565.06,54
257,2017,32,Estonia,460066.25,67
258,2017,33,Slovakia,450080.46,58
259,2017,34,Italy,434544.75,200
260,2017,35,Thailand,401074.88,172
261,2017,36,Peru,393922.11,93
262,2017,37,Belarus,389964.73,63
263,2017,38,Singapore,384182.69,168
264,2017,39,Bosnia and Herzegovina,335652.36,11
265,2017,40,Belgium,274678.94,108
266,2017,41,Czech Republic,273828.56,95
267,2017,42,Pakistan,268307.4,15
268,2017,43,Dominican Republic,262184.87,5
269,2017,44,South Africa,243713.98,179
270,2017,45,Croatia,234432.37,55
271,2017,46,Romania,215881.03,77
272,2017,47,Chile,210517.07,101
273,2017,48,Hong Kong,206121.23,96
274,2017,49,Portugal,202709.51,193
275,2017,50,Argentina,202661.83,148
276,2017,51,Indonesia,193929.16,136
277,2017,52,New Zealand,173556.48,73
278,2017,53,Austria,172579.54,83
279,2017,54,Greece,165537.53,95
280,2017,55,Serbia,163085.39,75
281,2017,56,Ireland,125635.95,25
282,2017,57,Hungary,121523.81,98
283,2017,58,Saudi Arabia,103269.38,10
284,2017,59,Switzerland,99801.66,75
285,2017,60,Lithuania,90125.15,72
286,2017,61,India,82227.96,136
287,2017,62,Latvia,79268.76,78
288,2017,63,"Macedonia, The Former Yugoslav Republic of",78116.51,5
289,2017,64,Puerto Rico,74708.17,17
290,2017,65,Slovenia,55471.85,22
291,2017,66,United Arab Emirates,47983.94,24
292,2017,67,Colombia,46634.76,25
293,2017,68,Algeria,32702.47,15
294,2017,69,Mongolia,32096.97,28
295,2017,70,Bahrain,31195.0,2
296,2017,71,Iraq,28170.6,9
297,2017,72,Montenegro,27550.0,2
298,2017,73,Uruguay,22952.49,14
299,2017,74,Kyrgyzstan,15648.53,14
300,2017,75,"Moldova, Republic of",14743.32,5
301,2017,76,Iceland,14681.24,27
302,2017,77,Armenia,13793.05,3
303,2017,78,Morocco,13423.44,12
304,2017,79,Ecuador,10263.49,5
305,2017,80,Venezuela,9634.76,40
306,2017,81,Nicaragua,9091.07,1
307,2017,82,Kuwait,8150.04,13
308,2017,83,Egypt,8131.68,11
309,2017,84,Tunisia,7291.41,12
310,2017,85,El Salvador,6300.0,6
311,2017,86,Cambodia,5415.25,5
312,2017,87,Cameroon,4921.63,1
313,2017,88,Panama,4857.14,3
314,2017,89,Gibraltar,4500.0,1
315,2017,90,Malta,3692.77,33
316,2017,91,Sri Lanka,3663.4,16
317,2017,92,Uzbekistan,3512.18,3
318,2017,93,Georgia,3256.13,27
319,2017,94,Albania,2868.16,2
320,2017,95,Guatemala,1634.54,9
321,2017,96,Bolivia,1608.25,1
322,2017,97,Syrian Arab Republic,1606.37,3
323,2017,98,Azerbaijan,1600.0,4
324,2017,99,Bangladesh,935.65,10
325,2017,100,"Kosovo, Republic of",834.33,1
326,2017,101,Lao People's Democratic Republic,783.36,3
327,2017,102,Cuba,770.0,1
328,2017,103,"Palestinian Territory, Occupied",659.32,3
329,2017,104,Kenya,575.06,1
330,2017,105,Madagascar,458.0,1
331,2017,106,"Iran, Islamic Republic of",381.6,9
332,2017,107,Trinidad and Tobago,291.41,1
333,2017,108,Åland Islands,250.0,1
334,2017,109,Ethiopia,139.99,1
335,2017,110,Andorra,139.71,1
336,2017,111,Luxembourg,130.65,3
337,2017,112,New Caledonia,112.97,1
338,2017,113,Bahamas,66.0,1
339,2017,114,Costa Rica,49.65,1
340,2017,115,French Polynesia,45.0,1
341,2017,116,Cyprus,33.33,1
342,2017,117,Faroe Islands,11.55,1
343,2016,1,China,19765733.93,1113
344,2016,2,United States,15574628.75,3180
345,2016,3,"Korea, Republic of",12690444.53,890
346,2016,4,Sweden,5357457.19,596
347,2016,5,Denmark,4560406.23,320
348,2016,6,Canada,3168828.64,502
349,2016,7,Brazil,2850034.76,489
350,2016,8,Ukraine,2452015.27,119
351,2016,9,Germany,2432399.56,621
352,2016,10,Russian Federation,2279007.72,505
353,2016,11,Malaysia,2118570.38,113
354,2016,12,France,2104706.68,597
355,2016,13,United Kingdom,2042956.42,618
356,2016,14,Poland,1760533.15,366
357,2016,15,Australia,1500264.3,509
358,2016,16,Finland,1460858.97,301
359,2016,17,Philippines,1219629.06,132
360,2016,18,Romania,1168316.04,69
361,2016,19,"Taiwan, Republic of China",927867.11,219
362,2016,20,"Macedonia, The Former Yugoslav Republic of",758973.4,1
363,2016,21,Pakistan,659729.8,2
364,2016,22,Greece,643776.92,47
365,2016,23,Israel,601595.98,32
366,2016,24,Spain,587311.82,322
367,2016,25,Norway,570491.45,197
368,2016,26,Bulgaria,558887.83,65
369,2016,27,Netherlands,532760.13,198
370,2016,28,Singapore,465458.04,96
371,2016,29,Jordan,461023.45,17
372,2016,30,Japan,459703.83,187
373,2016,31,Thailand,397300.37,123
374,2016,32,Estonia,332487.65,41
375,2016,33,Turkey,277304.58,129
376,2016,34,Slovakia,257597.12,55
377,2016,35,Kazakhstan,238824.16,23
378,2016,36,Belgium,234164.93,81
379,2016,37,Viet Nam,210971.6,138
380,2016,38,Hong Kong,194806.49,67
381,2016,39,New Zealand,169081.79,57
382,2016,40,Mexico,156905.82,80
383,2016,41,South Africa,150501.19,122
384,2016,42,Czech Republic,147982.59,131
385,2016,43,Macao,140976.62,2
386,2016,44,Italy,139523.41,98
387,2016,45,Portugal,129415.45,148
388,2016,46,Peru,111534.87,49
389,2016,47,Belarus,106357.32,34
390,2016,48,Mongolia,95390.38,16
391,2016,49,Chile,93502.16,91
392,2016,50,Colombia,87913.72,27
393,2016,51,Bosnia and Herzegovina,83513.39,9
394,2016,52,Argentina,81833.02,102
395,2016,53,Indonesia,62744.46,57
396,2016,54,Hungary,60642.91,64
397,2016,55,Lithuania,57487.97,45
398,2016,56,Croatia,56636.38,29
399,2016,57,Ireland,54333.28,23
400,2016,58,Slovenia,52510.83,23
401,2016,59,India,51915.49,138
402,2016,60,Serbia,50608.71,47
403,2016,61,Latvia,42137.48,46
404,2016,62,Lebanon,29383.32,14
405,2016,63,United Arab Emirates,28525.73,26
406,2016,64,Puerto Rico,28080.7,5
407,2016,65,Austria,27915.46,66
408,2016,66,Kyrgyzstan,23139.68,9
409,2016,67,Switzerland,22362.29,43
410,2016,68,Iceland,16137.43,41
411,2016,69,Egypt,16086.0,12
412,2016,70,Venezuela,15256.68,22
413,2016,71,Bahrain,14827.85,1
414,2016,72,Montenegro,11900.0,1
415,2016,73,"Moldova, Republic of",9609.34,5
416,2016,74,Algeria,9327.76,15
417,2016,75,Bolivia,7838.32,3
418,2016,76,Dominican Republic,7764.0,3
419,2016,77,Malta,7022.33,58
420,2016,78,Iraq,6461.66,2
421,2016,79,Saudi Arabia,6279.65,10
422,2016,80,Morocco,6015.49,3
423,2016,81,Nicaragua,5778.79,1
424,2016,82,Uruguay,4869.0,16
425,2016,83,Albania,4450.0,1
426,2016,84,Armenia,4398.53,1
427,2016,85,Georgia,4243.97,4
428,2016,86,Cambodia,3507.25,5
429,2016,87,Panama,3390.73,1
430,2016,88,Ecuador,3182.55,6
431,2016,89,Azerbaijan,2829.1,4
432,2016,90,Syrian Arab Republic,2696.85,2
433,2016,91,Tunisia,2290.0,5
434,2016,92,Bangladesh,1481.31,12
435,2016,93,Nepal,1111.4,10
436,2016,94,Kenya,907.56,1
437,2016,95,"Kosovo, Republic of",795.29,1
438,2016,96,Kuwait,735.75,3
439,2016,97,Sri Lanka,438.5,1
440,2016,98,Luxembourg,354.87,2
441,2016,99,Lao People's Democratic Republic,245.5,1
442,2016,100,Guatemala,224.0,1
443,2016,101,French Polynesia,200.63,1
444,2016,102,Cuba,103.57,2
445,2016,103,Cyprus,90.0,1
446,2016,104,Andorra,68.85,1
447,2016,105,Costa Rica,67.26,2
448,2016,106,Faroe Islands,50.0,1
449,2016,107,Saint Martin,50.0,1
450,2016,108,Paraguay,20.65,1
451,2016,109,"Palestinian Territory, Occupied",20.0,1
452,2016,110,Mauritius,10.71,1
453,2015,1,China,14185754.14,691
454,2015,2,United States,13255080.31,2706
455,2015,3,"Korea, Republic of",6569180.33,616
456,2015,4,Sweden,4027726.1,534
457,2015,5,Canada,3704959.37,467
458,2015,6,Denmark,2261455.69,282
459,2015,7,Russian Federation,2066860.59,664
460,2015,8,Ukraine,2023645.87,171
461,2015,9,Pakistan,1731607.74,2
462,2015,10,Germany,1704017.77,721
463,2015,11,France,1446786.48,546
464,2015,12,United Kingdom,1000186.34,571
465,2015,13,Poland,951934.97,351
466,2015,14,Singapore,859527.33,122
467,2015,15,"Taiwan, Republic of China",680553.66,113
468,2015,16,Japan,576208.46,166
469,2015,17,Brazil,549404.67,506
470,2015,18,Malaysia,514444.84,137
471,2015,19,Australia,494535.08,326
472,2015,20,Estonia,479089.43,45
473,2015,21,Belarus,468275.82,39
474,2015,22,Netherlands,454067.35,200
475,2015,23,Romania,374350.91,75
476,2015,24,Finland,357754.06,237
477,2015,25,Spain,350902.12,292
478,2015,26,Macao,319566.58,1
479,2015,27,Israel,305143.42,24
480,2015,28,Philippines,299193.29,103
481,2015,29,Thailand,279099.74,117
482,2015,30,Norway,266819.34,136
483,2015,31,Jordan,254906.87,16
484,2015,32,Viet Nam,239988.08,126
485,2015,33,Bulgaria,168821.29,94
486,2015,34,Portugal,149687.4,132
487,2015,35,Slovakia,132412.54,46
488,2015,36,Belgium,112844.34,77
489,2015,37,Mexico,111920.24,47
490,2015,38,Greece,110647.33,99
491,2015,39,Chile,109422.89,52
492,2015,40,Hong Kong,103469.02,54
493,2015,41,Peru,91250.03,31
494,2015,42,Czech Republic,88003.67,106
495,2015,43,Argentina,82798.85,106
496,2015,44,Italy,76927.52,79
497,2015,45,Kazakhstan,65081.28,48
498,2015,46,Serbia,63306.01,78
499,2015,47,Turkey,56325.88,71
500,2015,48,Hungary,49177.46,99
501,2015,49,Slovenia,45517.87,22
502,2015,50,New Zealand,37555.48,33
503,2015,51,Croatia,36846.52,28
504,2015,52,South Africa,36129.83,170
505,2015,53,Indonesia,32172.69,40
506,2015,54,Switzerland,29540.13,37
507,2015,55,Venezuela,29145.95,15
508,2015,56,Latvia,28968.11,42
509,2015,57,Bosnia and Herzegovina,26794.56,15
510,2015,58,Austria,26409.76,54
511,2015,59,Saudi Arabia,25668.32,6
512,2015,60,Ireland,21691.04,26
513,2015,61,"Moldova, Republic of",21649.91,6
514,2015,62,"Macedonia, The Former Yugoslav Republic of",19911.99,3
515,2015,63,Iraq,15031.98,5
516,2015,64,Puerto Rico,11369.5,7
517,2015,65,Sri Lanka,10572.47,1
518,2015,66,India,10139.27,73
519,2015,67,Egypt,9644.53,7
520,2015,68,Lithuania,9569.88,57
521,2015,69,Kuwait,8934.14,10
522,2015,70,Lebanon,7858.45,7
523,2015,71,Colombia,7284.38,7
524,2015,72,Bolivia,6479.6,1
525,2015,73,Afghanistan,6126.51,1
526,2015,74,United Arab Emirates,5973.24,15
527,2015,75,Algeria,5815.7,5
528,2015,76,Iceland,5292.93,25
529,2015,77,Kyrgyzstan,4522.39,10
530,2015,78,Uruguay,3012.01,2
531,2015,79,Mongolia,2852.56,8
532,2015,80,Nicaragua,2584.55,1
533,2015,81,Malta,2200.08,22
534,2015,82,"Iran, Islamic Republic of",1394.0,6
535,2015,83,Morocco,1309.41,6
536,2015,84,Bahrain,1289.1,1
537,2015,85,Tunisia,785.94,7
538,2015,86,Azerbaijan,686.18,3
539,2015,87,Armenia,511.44,2
540,2015,88,Brunei Darussalam,495.9,5
541,2015,89,Luxembourg,316.5,3
542,2015,90,Dominican Republic,275.6,1
543,2015,91,Cuba,194.9,2
544,2015,92,Albania,137.56,1
545,2015,93,Cyprus,107.21,1
546,2015,94,Montenegro,100.01,1
547,2015,95,Faroe Islands,54.01,1
548,2015,96,Panama,47.5,1
549,2015,97,Georgia,30.28,1
550,2015,98,Jamaica,30.0,1
551,2015,99,Uzbekistan,30.0,1
552,2015,100,Liechtenstein,28.47,1
553,2015,101,Ecuador,0.0,1
554,2015,102,Maldives,0.0,1
555,2014,1,China,12098419.29,422
556,2014,2,"Korea, Republic of",5675449.55,499
557,2014,3,United States,3986768.1,1735
558,2014,4,Sweden,2081941.45,354
559,2014,5,Canada,1377502.75,251
560,2014,6,Russian Federation,1124515.8,325
561,2014,7,Ukraine,998141.02,92
562,2014,8,Germany,883270.01,359
563,2014,9,"Taiwan, Republic of China",796684.57,122
564,2014,10,Denmark,667973.69,188
565,2014,11,France,646483.49,329
566,2014,12,Malaysia,569737.63,64
567,2014,13,Poland,462858.47,190
568,2014,14,Singapore,436748.88,59
569,2014,15,Netherlands,356678.62,95
570,2014,16,Romania,305161.23,54
571,2014,17,United Kingdom,301259.2,304
572,2014,18,Australia,250960.24,131
573,2014,19,Finland,234250.33,191
574,2014,20,Estonia,228902.47,16
575,2014,21,Brazil,224519.35,144
576,2014,22,Norway,192338.92,81
577,2014,23,Spain,190512.46,150
578,2014,24,Japan,165015.35,89
579,2014,25,Macao,149017.41,2
580,2014,26,Turkey,141933.96,52
581,2014,27,Philippines,130797.34,56
582,2014,28,Viet Nam,126166.0,75
583,2014,29,Hong Kong,125949.44,53
584,2014,30,Mexico,97351.06,26
585,2014,31,Belarus,88661.11,29
586,2014,32,Israel,64725.19,9
587,2014,33,Belgium,58251.96,55
588,2014,34,Argentina,55411.14,35
589,2014,35,Thailand,49950.17,33
590,2014,36,Peru,43229.5,17
591,2014,37,Chile,39278.75,31
592,2014,38,Greece,39267.64,63
593,2014,39,Hungary,35270.09,32
594,2014,40,Slovakia,34533.64,31
595,2014,41,Czech Republic,34098.76,49
596,2014,42,"Moldova, Republic of",28639.52,3
597,2014,43,Kazakhstan,27550.32,30
598,2014,44,Austria,22975.1,25
599,2014,45,Italy,21213.2,38
600,2014,46,Portugal,21058.6,61
601,2014,47,Switzerland,18331.49,17
602,2014,48,Uruguay,17257.19,3
603,2014,49,Morocco,17155.71,3
604,2014,50,Bulgaria,17124.18,38
605,2014,51,Venezuela,15935.35,8
606,2014,52,Ireland,14351.47,10
607,2014,53,Serbia,11739.07,17
608,2014,54,New Zealand,11095.0,14
609,2014,55,Indonesia,10572.25,16
610,2014,56,Colombia,9800.0,11
611,2014,57,Lithuania,9591.14,38
612,2014,58,Croatia,9306.28,28
613,2014,59,Slovenia,7428.76,12
614,2014,60,Armenia,5300.0,1
615,2014,61,Tunisia,5137.02,2
616,2014,62,Latvia,4632.2,9
617,2014,63,South Africa,4270.2,30
618,2014,64,"Iran, Islamic Republic of",4128.87,2
619,2014,65,Bolivia,3911.6,1
620,2014,66,Iceland,3834.31,7
621,2014,67,Bosnia and Herzegovina,3501.46,7
622,2014,68,Azerbaijan,3500.0,6
623,2014,69,Costa Rica,3500.0,1
624,2014,70,Panama,3500.0,1
625,2014,71,Iraq,2600.0,1
626,2014,72,Puerto Rico,2102.07,2
627,2014,73,India,2016.27,6
628,2014,74,Malta,1502.95,20
629,2014,75,Mongolia,1274.0,2
630,2014,76,Ecuador,1200.0,1
631,2014,77,Afghanistan,632.46,2
632,2014,78,Albania,527.07,3
633,2014,79,Luxembourg,411.45,3
634,2014,80,Cuba,400.0,1
635,2014,81,Bahrain,373.34,1
636,2014,82,"Macedonia, The Former Yugoslav Republic of",227.1,1
637,2014,83,Montenegro,187.05,5
638,2014,84,Brunei Darussalam,91.6,5
639,2014,85,Saudi Arabia,68.83,1
640,2014,86,Cyprus,31.15,1
641,2013,1,"Korea, Republic of",5429863.26,459
642,2013,2,United States,3740156.01,1143
643,2013,3,Sweden,2730034.88,266
644,2013,4,China,2218437.55,242
645,2013,5,Ukraine,659871.39,79
646,2013,6,Germany,573103.78,329
647,2013,7,France,503724.32,273
648,2013,8,Canada,500896.06,173
649,2013,9,Russian Federation,474255.01,318
650,2013,10,Malaysia,412840.32,64
651,2013,11,Denmark,256908.62,153
652,2013,12,"Taiwan, Republic of China",242875.01,45
653,2013,13,Poland,230900.25,149
654,2013,14,Estonia,216634.32,13
655,2013,15,Spain,212050.3,82
656,2013,16,Hong Kong,208665.13,40
657,2013,17,United Kingdom,192365.52,245
658,2013,18,Netherlands,178959.07,80
659,2013,19,Finland,159091.0,122
660,2013,20,Brazil,135279.11,78
661,2013,21,Singapore,124675.11,66
662,2013,22,Philippines,98363.2,39
663,2013,23,Norway,94348.79,57
664,2013,24,Japan,87048.6,55
665,2013,25,Belgium,85744.11,33
666,2013,26,Lithuania,79249.81,23
667,2013,27,Australia,74204.45,29
668,2013,28,Mexico,68384.71,31
669,2013,29,Ireland,52044.21,7
670,2013,30,Turkey,49115.46,33
671,2013,31,Viet Nam,43519.68,90
672,2013,32,Bulgaria,38204.33,9
673,2013,33,Italy,34304.53,47
674,2013,34,Belarus,32069.36,19
675,2013,35,Czech Republic,29786.76,53
676,2013,36,Thailand,27298.09,37
677,2013,37,Israel,25870.41,4
678,2013,38,Kazakhstan,24667.44,33
679,2013,39,Armenia,17287.45,2
680,2013,40,Macao,16213.62,1
681,2013,41,Morocco,15709.47,5
682,2013,42,Romania,14821.92,28
683,2013,43,Serbia,14562.05,22
684,2013,44,Switzerland,13541.74,12
685,2013,45,Argentina,13522.94,14
686,2013,46,Greece,12594.95,22
687,2013,47,Peru,11879.66,18
688,2013,48,Austria,11311.09,16
689,2013,49,Indonesia,11000.0,10
690,2013,50,"Iran, Islamic Republic of",10785.88,4
691,2013,51,Venezuela,10465.16,5
692,2013,52,Slovakia,9358.58,24
693,2013,53,Portugal,8893.51,40
694,2013,54,Croatia,8681.14,9
695,2013,55,Azerbaijan,7900.0,11
696,2013,56,Uruguay,6000.0,1
697,2013,57,Hungary,5885.72,24
698,2013,58,Chile,5671.8,6
699,2013,59,Bosnia and Herzegovina,5033.37,4
700,2013,60,Slovenia,3575.74,8
701,2013,61,Puerto Rico,3538.1,2
702,2013,62,New Zealand,3527.05,4
703,2013,63,Malta,2536.0,32
704,2013,64,Kuwait,2000.0,5
705,2013,65,United Arab Emirates,1741.67,3
706,2013,66,Åland Islands,1477.38,13
707,2013,67,Iceland,820.9,7
708,2013,68,Jordan,800.0,4
709,2013,69,Paraguay,600.0,1
710,2013,70,"Macedonia, The Former Yugoslav Republic of",550.0,5
711,2013,71,Latvia,500.18,2
712,2013,72,Bolivia,451.6,1
713,2013,73,"Moldova, Republic of",437.14,3
714,2013,74,Costa Rica,400.0,1
715,2013,75,Saudi Arabia,255.0,1
716,2013,76,Albania,216.77,1
717,2013,77,Faroe Islands,40.0,1
718,2012,1,"Korea, Republic of",3778618.89,396
719,2012,2,China,2036844.72,209
720,2012,3,United States,1281218.86,686
721,2012,4,"Taiwan, Republic of China",883755.48,31
722,2012,5,Russian Federation,661244.92,307
723,2012,6,Sweden,499530.09,243
724,2012,7,Germany,454100.52,304
725,2012,8,France,448353.21,264
726,2012,9,Canada,436998.58,171
727,2012,10,Ukraine,327654.33,94
728,2012,11,Poland,309386.62,119
729,2012,12,Denmark,291914.87,152
730,2012,13,Malaysia,283309.4,28
731,2012,14,Hong Kong,212927.99,10
732,2012,15,Spain,186661.74,77
733,2012,16,United Kingdom,185011.69,187
734,2012,17,Finland,111599.36,152
735,2012,18,Netherlands,99038.04,68
736,2012,19,Belgium,90457.57,33
737,2012,20,Brazil,83809.9,47
738,2012,21,Japan,83657.35,30
739,2012,22,Singapore,79023.31,57
740,2012,23,Viet Nam,72699.98,18
741,2012,24,Estonia,64684.68,6
742,2012,25,Norway,64248.94,47
743,2012,26,Armenia,62677.24,1
744,2012,27,Philippines,60921.5,42
745,2012,28,Australia,55299.08,41
746,2012,29,Macao,43568.82,1
747,2012,30,Lithuania,37862.67,12
748,2012,31,Belarus,36340.09,20
749,2012,32,Mexico,31401.5,15
750,2012,33,Chile,25247.5,10
751,2012,34,Kazakhstan,25012.21,110
752,2012,35,Italy,24605.23,12
753,2012,36,Croatia,22847.54,14
754,2012,37,Romania,20180.72,39
755,2012,38,Switzerland,18666.51,10
756,2012,39,Austria,17618.72,6
757,2012,40,Portugal,15732.9,57
758,2012,41,Venezuela,15046.47,2
759,2012,42,Peru,13654.55,9
760,2012,43,New Zealand,13310.85,20
761,2012,44,Thailand,12788.84,26
762,2012,45,Israel,11706.99,7
763,2012,46,Bulgaria,8191.79,19
764,2012,47,Pakistan,8000.0,2
765,2012,48,Argentina,6907.2,29
766,2012,49,Slovakia,6349.07,15
767,2012,50,Czech Republic,5926.5,29
768,2012,51,Ireland,4332.08,7
769,2012,52,Serbia,3528.2,18
770,2012,53,Turkey,3069.43,23
771,2012,54,Indonesia,3000.0,6
772,2012,55,Azerbaijan,2500.0,5
773,2012,56,India,2413.0,7
774,2012,57,"Macedonia, The Former Yugoslav Republic of",2134.78,6
775,2012,58,Mongolia,2000.0,5
776,2012,59,Bosnia and Herzegovina,1904.48,3
777,2012,60,Hungary,1418.2,8
778,2012,61,Greece,1387.2,21
779,2012,62,Malta,1359.08,6
780,2012,63,Åland Islands,1260.0,12
781,2012,64,Colombia,1200.0,2
782,2012,65,Puerto Rico,817.5,1
783,2012,66,United Arab Emirates,666.67,1
784,2012,67,Bahrain,500.0,1
785,2012,68,Slovenia,364.01,7
786,2012,69,South Africa,307.47,1
787,2012,70,Iceland,203.54,2
788,2012,71,Latvia,160.36,1
789,2012,72,Costa Rica,150.0,1
790,2012,73,"Iran, Islamic Republic of",128.69,1
791,2012,74,Kuwait,105.32,1
792,2012,75,Morocco,32.6,1
793,2012,76,Saudi Arabia,0.0,1
794,2011,1,"Korea, Republic of",2731645.3,298
795,2011,2,United States,2051385.36,761
796,2011,3,Ukraine,828605.5,50
797,2011,4,China,717629.36,138
798,2011,5,United Kingdom,478053.23,194
799,2011,6,Sweden,450998.76,144
800,2011,7,Russian Federation,400454.5,129
801,2011,8,France,350969.23,214
802,2011,9,Germany,325028.8,202
803,2011,10,Poland,273869.93,81
804,2011,11,Canada,216816.84,126
805,2011,12,Estonia,204459.53,17
806,2011,13,Denmark,187269.23,117
807,2011,14,Singapore,154054.25,21
808,2011,15,Finland,103737.55,82
809,2011,16,"Taiwan, Republic of China",72139.74,19
810,2011,17,Japan,58657.8,14
811,2011,18,Netherlands,52378.35,49
812,2011,19,Spain,49355.27,43
813,2011,20,Portugal,32035.63,34
814,2011,21,Thailand,31298.69,10
815,2011,22,Kazakhstan,28410.89,206
816,2011,23,Belgium,26444.96,30
817,2011,24,Brazil,25564.35,27
818,2011,25,Malaysia,24160.59,20
819,2011,26,Norway,23509.8,26
820,2011,27,Italy,23137.98,15
821,2011,28,Australia,22779.07,22
822,2011,29,Romania,18654.83,29
823,2011,30,Belarus,17385.96,8
824,2011,31,Serbia,14193.19,30
825,2011,32,Bosnia and Herzegovina,13994.39,2
826,2011,33,Austria,13912.06,30
827,2011,34,Bulgaria,12993.85,28
828,2011,35,Slovakia,12581.07,8
829,2011,36,Mexico,11283.0,4
830,2011,37,Kyrgyzstan,11281.99,8
831,2011,38,Croatia,10920.0,7
832,2011,39,Philippines,10636.26,14
833,2011,40,Macao,10327.42,1
834,2011,41,Peru,9316.74,8
835,2011,42,Israel,8100.87,9
836,2011,43,Chile,7969.04,1
837,2011,44,Turkey,7182.92,10
838,2011,45,Hong Kong,6193.44,11
839,2011,46,Czech Republic,5841.7,20
840,2011,47,Switzerland,5489.45,6
841,2011,48,Colombia,5000.0,1
842,2011,49,Iceland,5000.0,1
843,2011,50,Saudi Arabia,3972.0,1
844,2011,51,South Africa,3209.35,11
845,2011,52,New Zealand,3010.18,3
846,2011,53,United Arab Emirates,3003.0,7
847,2011,54,Lithuania,2943.91,12
848,2011,55,"Macedonia, The Former Yugoslav Republic of",2730.0,8
849,2011,56,Hungary,2709.57,10
850,2011,57,Uzbekistan,2649.59,8
851,2011,58,Viet Nam,2239.4,22
852,2011,59,Puerto Rico,2224.5,2
853,2011,60,Indonesia,2000.0,5
854,2011,61,Ireland,1362.61,6
855,2011,62,Venezuela,1357.14,1
856,2011,63,Lebanon,666.67,1
857,2011,64,Latvia,411.44,12
858,2011,65,Panama,400.0,1
859,2011,66,Greece,312.05,8
860,2011,67,Armenia,278.6,1
861,2011,68,India,273.0,1
862,2011,69,Pakistan,273.0,1
863,2011,70,"Iran, Islamic Republic of",137.64,1
864,2011,71,Morocco,83.25,1
865,2010,1,United States,1562687.68,621
866,2010,2,"Korea, Republic of",1454914.0,253
867,2010,3,Sweden,392264.55,165
868,2010,4,China,339666.36,95
869,2010,5,Germany,339581.71,465
870,2010,6,Ukraine,268383.43,55
871,2010,7,France,221675.41,195
872,2010,8,Russian Federation,167902.69,136
873,2010,9,Denmark,157402.36,114
874,2010,10,Canada,127742.72,105
875,2010,11,United Kingdom,109841.36,172
876,2010,12,Poland,87755.04,61
877,2010,13,Brazil,85518.91,32
878,2010,14,Finland,79714.43,90
879,2010,15,Kazakhstan,52204.3,73
880,2010,16,Netherlands,49524.3,55
881,2010,17,Italy,42522.89,14
882,2010,18,Belarus,34230.83,4
883,2010,19,Japan,30729.04,18
884,2010,20,Norway,30254.86,46
885,2010,21,Austria,20018.77,33
886,2010,22,Peru,19641.74,5
887,2010,23,Australia,18624.61,24
888,2010,24,Belgium,15892.53,33
889,2010,25,Thailand,15697.88,5
890,2010,26,"Taiwan, Republic of China",14679.41,26
891,2010,27,Spain,13143.32,32
892,2010,28,Singapore,11356.72,15
893,2010,29,Argentina,11292.86,8
894,2010,30,Portugal,10901.68,36
895,2010,31,Turkey,9881.15,14
896,2010,32,Hungary,9202.64,4
897,2010,33,Czech Republic,8658.87,15
898,2010,34,Malaysia,8097.47,18
899,2010,35,Mexico,7000.0,6
900,2010,36,Bulgaria,6044.99,13
901,2010,37,Viet Nam,5263.1,24
902,2010,38,Slovakia,5025.99,7
903,2010,39,Switzerland,4559.1,10
904,2010,40,Romania,4053.15,19
905,2010,41,Bosnia and Herzegovina,3416.27,1
906,2010,42,Malta,2508.1,12
907,2010,43,Estonia,2240.36,5
908,2010,44,Hong Kong,2080.45,10
909,2010,45,Israel,1715.02,1
910,2010,46,Ireland,1542.5,6
911,2010,47,Indonesia,1038.35,6
912,2010,48,Croatia,833.33,1
913,2010,49,Lithuania,592.5,3
914,2010,50,Latvia,408.71,1
915,2010,51,India,354.15,1
916,2010,52,Philippines,300.0,5
917,2010,53,New Zealand,296.83,2
918,2010,54,South Africa,179.29,2
919,2010,55,Pakistan,140.0,1
920,2010,56,Serbia,109.55,2
921,2010,57,Egypt,77.98,1
922,2010,58,Chile,40.0,1
923,2010,59,Morocco,13.93,1
924,2009,1,"Korea, Republic of",933787.7,130
925,2009,2,United States,678478.12,623
926,2009,3,Sweden,434889.88,123
927,2009,4,China,335208.77,89
928,2009,5,Germany,289710.79,203
929,2009,6,Denmark,157091.95,102
930,2009,7,France,140204.25,151
931,2009,8,Russian Federation,128007.65,114
932,2009,9,Poland,121556.78,42
933,2009,10,United Kingdom,108165.91,114
934,2009,11,Netherlands,69096.88,48
935,2009,12,Ukraine,63560.79,50
936,2009,13,Spain,56715.45,30
937,2009,14,Finland,52528.5,54
938,2009,15,Kazakhstan,46693.1,36
939,2009,16,Canada,44501.77,103
940,2009,17,Norway,28146.92,41
941,2009,18,Japan,23025.75,8
942,2009,19,Bulgaria,20818.08,38
943,2009,20,Slovakia,19790.28,5
944,2009,21,Czech Republic,12843.8,13
945,2009,22,Singapore,12124.3,15
946,2009,23,Belgium,11260.54,17
947,2009,24,Italy,9286.79,7
948,2009,25,Austria,8999.88,15
949,2009,26,Turkey,7640.91,7
950,2009,27,Belarus,7358.88,2
951,2009,28,"Taiwan, Republic of China",7000.0,1
952,2009,29,Bosnia and Herzegovina,6615.03,1
953,2009,30,Brazil,6000.0,8
954,2009,31,Uruguay,6000.0,1
955,2009,32,Mexico,5050.0,2
956,2009,33,Malaysia,5048.1,12
957,2009,34,Croatia,4700.0,1
958,2009,35,Hungary,4653.41,2
959,2009,36,Argentina,3660.0,15
960,2009,37,Malta,3396.0,14
961,2009,38,Australia,3000.0,1
962,2009,39,Chile,2248.35,5
963,2009,40,Estonia,2017.87,9
964,2009,41,Portugal,2015.29,7
965,2009,42,Latvia,1507.09,6
966,2009,43,Ireland,1279.18,4
967,2009,44,Viet Nam,1263.25,22
968,2009,45,Pakistan,1100.0,6
969,2009,46,Switzerland,1041.84,3
970,2009,47,Uzbekistan,1000.0,5
971,2009,48,Peru,787.27,2
972,2009,49,United Arab Emirates,600.0,6
973,2009,50,Indonesia,600.0,2
974,2009,51,Slovenia,553.12,1
975,2009,52,Iceland,426.5,1
976,2009,53,"Iran, Islamic Republic of",420.12,1
977,2009,54,Algeria,222.27,1
978,2009,55,Ecuador,182.62,1
979,2009,56,Lithuania,180.53,2
980,2009,57,India,100.0,1
981,2009,58,Philippines,100.0,1
982,2009,59,Saudi Arabia,0.0,1
983,2008,1,United States,1531545.77,481
984,2008,2,"Korea, Republic of",1506629.08,211
985,2008,3,United Kingdom,821957.67,198
986,2008,4,Sweden,508043.08,136
987,2008,5,Germany,455616.1,196
988,2008,6,Denmark,255649.82,114
989,2008,7,China,246539.73,68
990,2008,8,Russian Federation,210955.32,153
991,2008,9,France,189086.84,133
992,2008,10,Canada,161952.82,54
993,2008,11,Netherlands,146617.65,63
994,2008,12,Poland,123415.15,19
995,2008,13,Ukraine,103426.93,54
996,2008,14,Spain,92225.92,42
997,2008,15,Finland,89854.44,84
998,2008,16,Brazil,66056.4,9
999,2008,17,Italy,60659.29,21
1000,2008,18,Portugal,56184.38,22
1001,2008,19,Singapore,55469.5,20
1002,2008,20,Australia,47000.0,11
1003,2008,21,Austria,43306.37,12
1004,2008,22,Mexico,30000.0,10
1005,2008,23,Japan,28931.0,9
1006,2008,24,Belgium,24980.76,24
1007,2008,25,Czech Republic,23175.37,14
1008,2008,26,Belarus,22456.49,3
1009,2008,27,Romania,20477.4,10
1010,2008,28,Norway,12800.91,31
1011,2008,29,Slovakia,12206.91,6
1012,2008,30,Hungary,11521.2,18
1013,2008,31,Malaysia,8000.0,5
1014,2008,32,Croatia,7258.34,2
1015,2008,33,Bulgaria,5449.44,2
1016,2008,34,Malta,3148.29,9
1017,2008,35,Argentina,3000.0,1
1018,2008,36,Turkey,2402.8,7
1019,2008,37,Switzerland,2012.79,4
1020,2008,38,Iceland,1407.62,1
1021,2008,39,Estonia,1332.96,2
1022,2008,40,"Taiwan, Republic of China",1000.0,1
1023,2008,41,Lithuania,816.5,6
1024,2008,42,Slovenia,666.48,1
1025,2008,43,Ireland,655.2,2
1026,2008,44,Latvia,648.9,1
1027,2008,45,South Africa,404.83,1
1028,2008,46,Kazakhstan,329.67,1
1029,2008,47,Puerto Rico,222.0,2
1030,2008,48,Chile,175.0,1
1031,2008,49,Pakistan,50.0,1
1032,2008,50,Ecuador,29.94,1
1033,2007,1,United States,2036636.01,614
1034,2007,2,"Korea, Republic of",1517120.93,141
1035,2007,3,Sweden,464999.41,143
1036,2007,4,Germany,377025.88,207
1037,2007,5,Canada,320430.88,109
1038,2007,6,Russian Federation,266957.85,177
1039,2007,7,China,214059.16,87
1040,2007,8,Poland,198174.39,46
1041,2007,9,Denmark,193117.38,87
1042,2007,10,France,193036.79,98
1043,2007,11,United Kingdom,187310.46,115
1044,2007,12,Finland,126524.03,59
1045,2007,13,Netherlands,125706.57,40
1046,2007,14,Ukraine,110394.57,83
1047,2007,15,Brazil,98419.81,19
1048,2007,16,Norway,88999.16,51
1049,2007,17,Singapore,36095.55,15
1050,2007,18,Mexico,34500.0,14
1051,2007,19,Japan,30199.99,13
1052,2007,20,Italy,23333.43,17
1053,2007,21,Spain,20469.54,24
1054,2007,22,Australia,19435.97,18
1055,2007,23,Austria,19102.13,15
1056,2007,24,Serbia,13110.0,1
1057,2007,25,Bulgaria,11481.74,7
1058,2007,26,Belarus,10296.82,4
1059,2007,27,Belgium,9034.69,6
1060,2007,28,Estonia,6464.67,4
1061,2007,29,Kazakhstan,5471.0,8
1062,2007,30,Slovenia,5342.39,2
1063,2007,31,Turkey,4200.51,5
1064,2007,32,Switzerland,3975.38,16
1065,2007,33,Hungary,3469.46,13
1066,2007,34,"Taiwan, Republic of China",3406.97,2
1067,2007,35,Ireland,3363.23,3
1068,2007,36,Peru,3116.4,3
1069,2007,37,Croatia,2971.63,3
1070,2007,38,Latvia,2968.55,2
1071,2007,39,Portugal,2721.36,7
1072,2007,40,Romania,2700.0,15
1073,2007,41,Czech Republic,2236.44,6
1074,2007,42,Hong Kong,2200.0,2
1075,2007,43,Viet Nam,866.67,2
1076,2007,44,Slovakia,795.48,2
1077,2007,45,Iceland,395.78,1
1078,2007,46,Chile,87.3,2
1079,2006,1,United States,1549643.38,386
1080,2006,2,"Korea, Republic of",933532.78,125
1081,2006,3,Sweden,576163.19,112
1082,2006,4,Germany,380987.8,175
1083,2006,5,Russian Federation,354229.91,160
1084,2006,6,China,324923.32,75
1085,2006,7,France,204796.93,85
1086,2006,8,Poland,117577.46,29
1087,2006,9,Brazil,113154.95,51
1088,2006,10,Netherlands,105962.74,45
1089,2006,11,Norway,100586.43,50
1090,2006,12,Ukraine,70633.59,68
1091,2006,13,Denmark,69003.91,66
1092,2006,14,Spain,58378.7,18
1093,2006,15,Canada,57352.65,32
1094,2006,16,Finland,55988.19,44
1095,2006,17,United Kingdom,39483.62,39
1096,2006,18,Estonia,38138.25,13
1097,2006,19,Austria,34663.85,10
1098,2006,20,Italy,25388.84,16
1099,2006,21,Japan,23919.45,13
1100,2006,22,Australia,20270.5,11
1101,2006,23,Belarus,19625.99,7
1102,2006,24,Romania,17073.7,12
1103,2006,25,Bulgaria,12301.26,5
1104,2006,26,Croatia,10250.47,3
1105,2006,27,Mexico,9200.0,3
1106,2006,28,Belgium,7108.9,8
1107,2006,29,Czech Republic,5061.06,4
1108,2006,30,Portugal,3802.25,30
1109,2006,31,Turkey,2608.7,4
1110,2006,32,Malaysia,2500.0,5
1111,2006,33,Kazakhstan,2431.1,11
1112,2006,34,Peru,1500.0,1
1113,2006,35,Thailand,1450.0,1
1114,2006,36,Switzerland,1189.55,3
1115,2006,37,Ireland,833.5,3
1116,2006,38,Indonesia,823.23,6
1117,2006,39,South Africa,770.71,5
1118,2006,40,Hungary,696.32,3
1119,2006,41,Argentina,693.45,5
1120,2006,42,Greece,500.0,5
1121,2006,43,Slovakia,500.0,5
1122,2006,44,Venezuela,350.0,2
1123,2006,45,"Taiwan, Republic of China",310.15,1
1124,2006,46,Colombia,300.0,1
1125,2006,47,Viet Nam,264.9,19
1126,2006,48,"Iran, Islamic Republic of",88.84,1
1127,2006,49,Slovenia,37.5,1
1128,2005,1,United States,841732.98,300
1129,2005,2,"Korea, Republic of",781694.9,97
1130,2005,3,Germany,419773.2,163
1131,2005,4,Sweden,399509.34,109
1132,2005,5,Netherlands,265807.96,14
1133,2005,6,Italy,180460.23,6
1134,2005,7,Russian Federation,174795.64,133
1135,2005,8,China,157310.3,37
1136,2005,9,Norway,134803.76,55
1137,2005,10,Canada,117091.67,30
1138,2005,11,Denmark,90554.67,59
1139,2005,12,Brazil,83465.15,39
1140,2005,13,France,82250.96,58
1141,2005,14,Austria,57345.96,14
1142,2005,15,United Kingdom,52969.54,12
1143,2005,16,Spain,31943.64,23
1144,2005,17,Estonia,30833.37,11
1145,2005,18,Finland,30744.32,30
1146,2005,19,Poland,27946.57,10
1147,2005,20,Kazakhstan,25000.0,5
1148,2005,21,Japan,18175.0,18
1149,2005,22,Bulgaria,13549.85,7
1150,2005,23,Ukraine,13522.66,27
1151,2005,24,Saudi Arabia,13000.0,1
1152,2005,25,Singapore,10000.0,1
1153,2005,26,Australia,7400.0,5
1154,2005,27,Belgium,7306.75,7
1155,2005,28,Lithuania,5911.2,1
1156,2005,29,Hungary,5591.25,2
1157,2005,30,Slovenia,4166.67,1
1158,2005,31,Croatia,3494.09,1
1159,2005,32,Turkey,2802.15,6
1160,2005,33,Romania,1500.0,6
1161,2005,34,Belarus,1312.26,11
1162,2005,35,Thailand,1268.39,1
1163,2005,36,Serbia,1200.0,6
1164,2005,37,Czech Republic,889.82,1
1165,2005,38,New Zealand,600.0,1
1166,2005,39,Chile,375.0,1
1167,2005,40,Israel,300.0,1
1168,2005,41,Iceland,157.79,1
1169,2005,42,Venezuela,150.0,1
1170,2004,1,"Korea, Republic of",611689.48,93
1171,2004,2,United States,434701.72,213
1172,2004,3,Sweden,307269.88,116
1173,2004,4,Germany,283095.02,84
1174,2004,5,China,145625.91,16
1175,2004,6,Russian Federation,132983.52,130
1176,2004,7,Netherlands,123888.74,9
1177,2004,8,Denmark,108441.22,21
1178,2004,9,France,63226.9,41
1179,2004,10,Brazil,59858.45,52
1180,2004,11,Finland,55319.0,40
1181,2004,12,Norway,47266.04,46
1182,2004,13,Canada,35709.99,21
1183,2004,14,Austria,33232.85,14
1184,2004,15,Poland,14819.76,10
1185,2004,16,Bulgaria,14636.93,11
1186,2004,17,Venezuela,14300.0,2
1187,2004,18,United Kingdom,12647.2,12
1188,2004,19,Ukraine,11638.75,58
1189,2004,20,Italy,10600.0,3
1190,2004,21,Singapore,10000.0,1
1191,2004,22,Portugal,8883.0,16
1192,2004,23,Czech Republic,5174.57,7
1193,2004,24,Argentina,4950.0,2
1194,2004,25,Romania,3897.0,6
1195,2004,26,Croatia,3802.57,1
1196,2004,27,Spain,3793.0,18
1197,2004,28,Belarus,2802.66,9
1198,2004,29,Thailand,1590.22,1
1199,2004,30,Greece,1501.4,6
1200,2004,31,Peru,1500.0,2
1201,2004,32,Japan,1368.0,9
1202,2004,33,Chile,1000.0,5
1203,2004,34,Hungary,1000.0,5
1204,2004,35,Saudi Arabia,1000.0,1
1205,2004,36,Serbia,800.0,1
1206,2004,37,Uruguay,500.0,1
1207,2004,38,Israel,300.0,1
1208,2003,1,Sweden,363269.3,100
1209,2003,2,"Korea, Republic of",272626.59,71
1210,2003,3,United States,265960.0,176
1211,2003,4,Germany,236966.01,59
1212,2003,5,Norway,73150.51,8
1213,2003,6,Russian Federation,61292.2,105
1214,2003,7,France,45593.42,32
1215,2003,8,Bulgaria,37028.38,5
1216,2003,9,Netherlands,32399.92,10
1217,2003,10,United Kingdom,31958.36,16
1218,2003,11,Canada,29996.99,9
1219,2003,12,Spain,29644.02,24
1220,2003,13,"Taiwan, Republic of China",29000.0,5
1221,2003,14,Denmark,25393.92,31
1222,2003,15,Italy,22287.18,4
1223,2003,16,Austria,15658.35,6
1224,2003,17,Brazil,12125.5,15
1225,2003,18,Finland,11352.45,17
1226,2003,19,China,10000.0,1
1227,2003,20,Poland,9970.38,2
1228,2003,21,Kazakhstan,8000.0,7
1229,2003,22,Ukraine,5737.05,38
1230,2003,23,Romania,5287.18,1
1231,2003,24,Australia,5030.0,2
1232,2003,25,Belarus,2869.55,22
1233,2003,26,Argentina,2500.0,1
1234,2003,27,Singapore,2000.0,5
1235,2003,28,Iceland,1500.0,5
1236,2003,29,Belgium,1250.0,1
1237,2003,30,Hong Kong,1130.0,1
1238,2003,31,Czech Republic,1121.05,6
1239,2003,32,Greece,431.0,1
1240,2003,33,Hungary,368.22,1
1241,2003,34,Viet Nam,327.77,1
1242,2003,35,Croatia,240.62,1
1243,2003,36,Serbia,200.0,1
1244,2003,37,Israel,100.0,1
1245,2003,38,Japan,0.0,10
1246,2002,1,United States,169229.3,181
1247,2002,2,"Korea, Republic of",139644.26,27
1248,2002,3,Germany,118006.98,65
1249,2002,4,Russian Federation,110158.9,38
1250,2002,5,Sweden,102648.92,57
1251,2002,6,Canada,59366.68,30
1252,2002,7,Norway,28235.0,10
1253,2002,8,Japan,25300.0,5
1254,2002,9,United Kingdom,20570.7,9
1255,2002,10,France,18217.66,14
1256,2002,11,Netherlands,12833.33,6
1257,2002,12,"Taiwan, Republic of China",11000.0,2
1258,2002,13,Spain,10000.0,1
1259,2002,14,China,8500.0,4
1260,2002,15,Denmark,6193.46,14
1261,2002,16,Austria,5093.89,4
1262,2002,17,Poland,5033.33,2
1263,2002,18,New Zealand,5000.0,1
1264,2002,19,Finland,4394.8,7
1265,2002,20,Australia,3250.0,6
1266,2002,21,Czech Republic,3000.0,5
1267,2002,22,Brazil,2536.6,21
1268,2002,23,Kazakhstan,2000.0,5
1269,2002,24,Hong Kong,1750.0,1
1270,2002,25,Ukraine,1750.0,1
1271,2002,26,Viet Nam,1589.83,1
1272,2002,27,Chile,1500.0,8
1273,2002,28,Singapore,1250.0,5
1274,2002,29,Portugal,1000.0,1
1275,2002,30,South Africa,1000.0,1
1276,2002,31,Argentina,750.0,1
1277,2002,32,Israel,300.0,1
1278,2002,33,Jamaica,83.33,1
1279,2001,1,United States,196472.65,72
1280,2001,2,"Korea, Republic of",160290.09,45
1281,2001,3,Sweden,97120.85,33
1282,2001,4,Germany,76820.45,43
1283,2001,5,Canada,54025.0,27
1284,2001,6,Russian Federation,41630.48,23
1285,2001,7,"Taiwan, Republic of China",40500.0,3
1286,2001,8,France,27747.58,34
1287,2001,9,Denmark,17385.82,11
1288,2001,10,China,17000.0,5
1289,2001,11,Italy,16525.0,6
1290,2001,12,Norway,15882.21,8
1291,2001,13,Finland,15110.55,20
1292,2001,14,United Kingdom,9913.59,11
1293,2001,15,Netherlands,9670.37,7
1294,2001,16,Australia,5985.3,4
1295,2001,17,Austria,5600.0,4
1296,2001,18,Hong Kong,5000.0,1
1297,2001,19,Japan,3000.0,4
1298,2001,20,Brazil,2539.67,7
1299,2001,21,Singapore,2000.0,6
1300,2001,22,Argentina,955.84,3
1301,2001,23,Belgium,631.97,2
1302,2001,24,Switzerland,500.0,1
1303,2001,25,Malaysia,150.0,1
1304,2001,26,Ireland,131.97,1
1305,2000,1,United States,241013.4,83
1306,2000,2,"Korea, Republic of",199411.78,54
1307,2000,3,Sweden,86874.14,17
1308,2000,4,Canada,37177.49,16
1309,2000,5,United Kingdom,21252.7,7
1310,2000,6,"Taiwan, Republic of China",15000.0,1
1311,2000,7,Norway,9280.86,2
1312,2000,8,Germany,8476.33,19
1313,2000,9,Denmark,7930.39,9
1314,2000,10,Russian Federation,6757.99,3
1315,2000,11,Netherlands,6087.63,2
1316,2000,12,Australia,3900.0,3
1317,2000,13,Finland,2190.84,6
1318,2000,14,Venezuela,1000.0,1
1319,2000,15,Hungary,876.33,1
1320,2000,16,France,701.05,5
1321,2000,17,New Zealand,500.0,1
1322,2000,18,Croatia,438.17,1
1323,2000,19,Singapore,400.0,1
1324,2000,20,Spain,300.0,1
1325,2000,21,Northern Mariana Islands,300.0,1
1326,2000,22,South Africa,300.0,1
1327,1999,1,United States,124261.09,28
1328,1999,2,"Korea, Republic of",75876.4,21
1329,1999,3,Canada,60416.35,12
1330,1999,4,United Kingdom,11600.0,3
1331,1999,5,Sweden,3000.0,3
1332,1998,1,United States,94250.0,28
1333,1998,2,Canada,12400.0,4
1334,1998,3,United Kingdom,300.0,1
1335,1998,4,Sweden,150.0,1
